name,phone,email,role,address,overview,trigger,sector
Savistara Interior,+918109163279,hello@savistara.in,Creative Lead,"80 Feet Road, Kolar Road, Bhopal",Bespoke residential styling and modular space layouts.,AI Voice Call: Outbound budget scoping system. WhatsApp: Style matching selection survey framework.,Sector 1: Bhopal Architectural Firms
Aakar Construction,+919827017377,info@aakarbhopal.com,Chief Engineer,"Sector-A, Indrapuri, Bhopal",Custom residential layout designers and renovators.,AI Voice Call: Structural stage update trigger loops. WhatsApp: Drops dynamic CAD sheet approval request links.,Sector 1: Bhopal Architectural Firms
Krea Terra and Co,+919425607291,partner@kreaterra.com,Managing Partner,"Premium Corridor, Chunabhatti, Bhopal",Architectural landscaping for premium farmhouses.,AI Voice Call: Landscape site visitation scheduler. WhatsApp: Pushes material board photo sets.,Sector 1: Bhopal Architectural Firms
Sukma Architects,+919981004437,contact@sukmaarchitects.com,Founder,"Ayodhya Bypass Main Rd, Bhopal",Large institutional architecture and blueprint master plans.,AI Voice Call: Calendar sync tool for project validation briefs. WhatsApp: Automated milestone tracker update sheets.,Sector 1: Bhopal Architectural Firms
The Archt Studio,+917042581278,info@archtstudio.in,Lead Designer,"Narmadapuram Rd, Near Mall, Bhopal",Modernist home interior planning and decoration studio.,AI Voice Call: Automatic inbound quote router system. WhatsApp: Cost estimator matrix builder bot.,Sector 1: Bhopal Architectural Firms
Pinnacle Architects,+919039011223,info@pinnaclearchitects.co,Technical Director,"Main Market, Awadhpuri, Bhopal",Industrial structural layouts and planning validations.,AI Voice Call: Vendor dispatch coordinator agent. WhatsApp: Automatically logs design adjustment comments.,Sector 1: Bhopal Architectural Firms
Ideation Architect,+917554094508,ideationbhopal@gmail.com,Lead Stylist,"VIP Road Strata, Kohefiza, Bhopal",Premium modular kitchen layouts and premium finishes.,AI Voice Call: Leads allocation confirmation router. WhatsApp: Interactive finish selection menu options.,Sector 1: Bhopal Architectural Firms
Heights and Dreams,+918959910931,admin@heightsanddreams.com,Supply Chain Lead,"Royal Market Commercial Hub, Bhopal",Commercial interior material sourcing and consulting.,AI Voice Call: Material storage tracker notifier lines. WhatsApp: Material tracking webhook message configurations.,Sector 1: Bhopal Architectural Firms
Heavens Design,+917554094785,contact@heavensdesign.in,Project Manager,"Airport Main Road, Lalghati, Bhopal",Complete residential layout handovers and premium renovations.,AI Voice Call: Final inspection checklist verification assistant. WhatsApp: Sends link to customer feedback collection forms.,Sector 1: Bhopal Architectural Firms
KSG IAS Academy,+918010023123,khanstudygroup@ksgindia.com,Head of Admissions,"Zone-II, MP Nagar, Bhopal",Premium UPSC Civil Services preparatory center.,AI Voice Call: Screener for outstation aspirants. WhatsApp: Daily interactive current affairs quiz bot.,Sector 2: Coaching & Test Prep Institutes
Rudra's IAS,+919300631433,info@rudrasias.com,Managing Partner,"Zone-II, MP Nagar, Bhopal",Civil services examination coaching module provider.,AI Voice Call: Outbound batch renewal alerts. WhatsApp: Delivers syllabus guides and daily answer checklists.,Sector 2: Coaching & Test Prep Institutes
Perfect Coaching,+917554258127,contact@perfectcoaching.in,Operations Head,"Main Market, MP Nagar, Bhopal",K-12 engineering foundations and local board coaching.,AI Voice Call: Automatic calendar booking for demo sessions. WhatsApp: Auto-triggers fee structure PDFs.,Sector 2: Coaching & Test Prep Institutes
Mahendras Tutorials,+919244631222,ashokagarden@mahendras.org,Center Manager,"Main Road, Ashoka Garden, Bhopal","Banking, SSC, and state-level government job training.",AI Voice Call: Instant notification for upcoming exam updates. WhatsApp: Automated doubt-resolution node.,Sector 2: Coaching & Test Prep Institutes
Sabdhani Coaching,+917552557773,info@sabdhani.com,Managing Director,"Zone-I, MP Nagar, Bhopal",Massive scale general competitive test prep center.,AI Voice Call: Mass enrollment dialer sequences. WhatsApp: Drops class schedule updates based on student batch codes.,Sector 2: Coaching & Test Prep Institutes
FIITJEE Bhopal,+917554204566,bhopal@fiitjee.com,Admissions In-Charge,"Plot No. 168, Zone-II, MP Nagar, Bhopal",Premium IIT-JEE advanced training infrastructure.,AI Voice Call: Parent-teacher consultation manager. WhatsApp: Sends monthly ranking dashboards via API.,Sector 2: Coaching & Test Prep Institutes
TIME Institute,+917554004360,bhopal@time4education.com,Academic Head,"Front of ISBT, Habibganj, Bhopal",National MBA entrance and CAT exam prep facility.,AI Voice Call: Webinar attendee reminder sequences. WhatsApp: Dynamic Group Discussion group coordinator.,Sector 2: Coaching & Test Prep Institutes
CL Educate,+919039048825,bhopal@careerlauncher.com,Branch Manager,"Zone-II, MP Nagar, Bhopal",Law entrance (CLAT) and IPMAT coaching center.,AI Voice Call: Baseline student eligibility checker framework. WhatsApp: Interactive fee quote calculator bot.,Sector 2: Coaching & Test Prep Institutes
Excel Academy,+919111735341,info@excelacademy.co.in,Program Coordinator,"Gulmohar Colony, Bhopal",Secondary school curriculum crash course center.,AI Voice Call: Outbound cold lead nurturing agent. WhatsApp: Triggers seasonal discount registration links.,Sector 2: Coaching & Test Prep Institutes
Dreamz Educational,+919893772941,visas@dreamzedu.com,Operations Director,"Link Road 3, Arera Colony, Bhopal",Visa processing and immigration advisory office.,AI Voice Call: Visa tracking alert triggers. WhatsApp: Interactive checklist framework based on destination country.,Sector 3: Overseas Education & Visa Consultants
Excel Overseas,+919669746367,overseas@excel.org,Senior Immigration Head,"Gulmohar Colony, Bhopal",Study abroad pathfinders and visa documentation hub.,AI Voice Call: Automated mock visa interviewer agent. WhatsApp: Pushes verified list of available course streams.,Sector 3: Overseas Education & Visa Consultants
Ways 2 World,+918109163279,info@ways2world.com,Senior Partner,"B-Block, Indrapuri, Bhopal",Overseas job placement and PR processing consultant.,AI Voice Call: Outbound profile matching checks. WhatsApp: Ingests passport image data and extracts text details via OCR.,Sector 3: Overseas Education & Visa Consultants
Minay Overseas,+919827017377,support@minayoverseas.com,Visa Officer,"Bittan Market Extension, Arera Colony",European university application advisory firm.,AI Voice Call: Outbound document collection chaser. WhatsApp: Triggers dynamic application status changes automatically.,Sector 3: Overseas Education & Visa Consultants
Pangaea Advisories,+919425607291,compliance@pangaea.in,Managing Director,"E-4, Bittan Market, Bhopal",High-end executive resettlement and corporate visas.,AI Voice Call: Secure premium booking coordinator. WhatsApp: Dispatches safe file download verification alerts.,Sector 3: Overseas Education & Visa Consultants
Travel Hop Overseas,+919981004437,ask@travelhop.co.in,General Manager,"Danish Nagar Commercial Grid, Bhopal",Holiday visa configurations and international booking solutions.,AI Voice Call: Outbound target group deal qualifier. WhatsApp: Interactive passport validity evaluator menu.,Sector 3: Overseas Education & Visa Consultants
Legitmoves Immigration,+917042581278,info@legitmoves.com,Head Consultant,"Chunabhatti Main Rd, Bhopal",Canada express entry processing consultancy.,AI Voice Call: Core CRS points calculation agent. WhatsApp: Delivers profile validation tokens after form processing.,Sector 3: Overseas Education & Visa Consultants
Progressive Travels,+919039011223,visa@progressivetravels.in,Operations Manager,"Top Floor, New Market, Bhopal",Transit clearances and localized passport renewal assistance.,AI Voice Call: Appointment confirmation notification loops. WhatsApp: Drops active status tracking links automatically.,Sector 3: Overseas Education & Visa Consultants
Visa Connection,+917554094508,help@visaconnection.in,Lead Advisory Officer,"Shahpura Commercial Belt, Bhopal",Corporate business visitor visas and document legalization.,AI Voice Call: Rapid requirement updates coordinator. WhatsApp: Delivers country-specific rule check widgets.,Sector 3: Overseas Education & Visa Consultants
Samagra Polyclinic,+918959910931,samagra@outlook.com,Medical Superintendent,"E-7, Arera Colony, Bhopal",Combined diagnostic space and private medical panels.,AI Voice Call: Voice bot confirming general physician visits. WhatsApp: Generates customized QR entry tokens for appointments.,Sector 4: Pathology Labs & Diagnostic Centers
Sodani Diagnostics,+917554094785,bhopal@sodanidiagnostics.com,Operations Head,"Malviya Nagar, Near Raj Bhavan, Bhopal",Advanced scan labs and comprehensive lifestyle tests.,AI Voice Call: Periodic checkup reminders. WhatsApp: Interactive chatbot for pre-test fasting instructions.,Sector 4: Pathology Labs & Diagnostic Centers
Qura Diagnostics,+919200700800,contact@quradiagnostics.in,Radiologist In-Charge,"Main Chouraha, Chunabhatti, Bhopal","MRI, high-slice CT scans, and specialized imagery.",AI Voice Call: Inbound emergency booking queue router. WhatsApp: Notifies target profile the instant imagery logs clear.,Sector 4: Pathology Labs & Diagnostic Centers
Thyrocare Bhopal,+917554077790,center@thyrocarebhopal.in,Lab Manager,"Narmadapuram Rd, Misrod, Bhopal",Decentralized high-volume testing service point.,AI Voice Call: Pre-qualifies target leads for family packages. WhatsApp: Delivers health score comparison charts over time.,Sector 4: Pathology Labs & Diagnostic Centers
Endocrine & Allergy Lab,+919111788255,allergy@labind.com,Chief Pathologist,"Jawahar Chowk, Bhopal",Immunoassay testing and highly specialized panels.,AI Voice Call: Periodic checkup tracker alerts. WhatsApp: Interactive allergy index checklist drops.,Sector 4: Pathology Labs & Diagnostic Centers
Dr Lal Pathlabs,+917554077794,zonebhopal@lalpathlabs.com,Regional Operations Lead,"Zone-I, MP Nagar, Bhopal",National tier pathology collection matrix point.,AI Voice Call: High-volume digital camp coordinator. WhatsApp: Multi-location home collection request logger.,Sector 4: Pathology Labs & Diagnostic Centers
Vivan Path Lab,+918815094781,vivanlab@gmail.com,Lead Biochemist,"VIP Road Corner, Lalghati, Bhopal",Local clinical testing station for emergency diagnostics.,AI Voice Call: Customer experience rating agent. WhatsApp: Automated review link generator matching lab IDs.,Sector 4: Pathology Labs & Diagnostic Centers
Metropolis Healthcare,+919303972510,b2bbhopal@metropolis.com,Corporate Sales Head,"Indrapuri Sector-C, Bhopal",B2B testing infrastructure provider for smaller clinics.,AI Voice Call: Logistics status monitor. WhatsApp: Delivers business-to-business batch invoicing structures.,Sector 4: Pathology Labs & Diagnostic Centers
Care Pathology Lab,+917880199962,carepath@rediffmail.com,Operations Supervisor,"Habibganj Railway Station Rd, Bhopal",Standard pathology services and routine blood assays.,AI Voice Call: Payment clearance update dialer. WhatsApp: Sends automated payment logs and tax receipts.,Sector 4: Pathology Labs & Diagnostic Centers
Raj Builders,+918959910933,info@rajbuilders.co,Managing Partner,"E-47, Mannipuram, Arera Colony, Bhopal",Luxury row house infrastructure developer.,AI Voice Call: Prequalifies high-budget buyers. WhatsApp: Deploys an interactive 3D virtual site tour bot.,Sector 5: Real Estate & Infrastructure Developers
Swadesh Group,+917554094508,info@swadeshgroup.com,Head of Sales,"E-5/16, Bittan Market, Bhopal",Large township developers and plotted land enclaves.,AI Voice Call: Schedules weekend site exploration vans. WhatsApp: Drops location coordinate maps.,Sector 5: Real Estate & Infrastructure Developers
Devalaya Builders,+919111735341,projects@devalayabuilders.in,Procurement Head,"Near Hotel Abhinav Palace, Jatkhedi, Bhopal",Commercial shopping complex asset builders.,AI Voice Call: Screens retail commercial tenant applications. WhatsApp: Commercial floor space rate widget sheet.,Sector 5: Real Estate & Infrastructure Developers
SAGE Realty,+919200700800,info@sagerealty.in,Chief Marketing Officer,"Sage Plaza, 250, Zone-II, MP Nagar, Bhopal",Mega-township complexes and premium high-rises.,AI Voice Call: Automated follow-up for EMI balances. WhatsApp: Triggers dynamic construction phase updates via video.,Sector 5: Real Estate & Infrastructure Developers
Signature 360,+918959910931,sales@thesignaturegroup.co.in,Managing Director,"Corporate Office, Vidyanagar, Hoshangabad Rd",Premium residential layouts and smart apartments.,AI Voice Call: Automated banker routing for home loans. WhatsApp: Document verification link framework.,Sector 5: Real Estate & Infrastructure Developers
Agrawal Builders,+917554277218,info@agrawalbuilders.com,Promoters Office,"Main Zone, MP Nagar, Bhopal",Established township constructors and residential blocks.,AI Voice Call: Grand launch RSVP validator. WhatsApp: Automated digital entry pass creator for open house.,Sector 5: Real Estate & Infrastructure Developers
Ultimate Construction,+917554094785,ultimatebhopal@yahoo.com,Operations Manager,"Commercial Strip, Misrod, Bhopal",Industrial grade civil infrastructure asset builders.,AI Voice Call: Vendor inventory alert chaser. WhatsApp: Auto-logs physical raw materials delivery tokens.,Sector 5: Real Estate & Infrastructure Developers
Fortune Soumya Housing,+918871004360,sales@fortunesoumya.com,Director of Alliances,"Narmadapuram Road Highway Axis, Bhopal",Budget luxury homes and green villa colonies.,AI Voice Call: Automatic out-of-town buyer coordinator. WhatsApp: Pushes customized payment plan calculator modules.,Sector 5: Real Estate & Infrastructure Developers
Amaltas India,+919893772941,properties@amaltasindia.com,Strategy Lead,"Main Road, Chunabhatti, Bhopal",Premium real estate group selling luxury farm plots.,AI Voice Agent: Elite target segment verification caller. WhatsApp API: Private site entry verification passcode drop.,Sector 5: Real Estate & Infrastructure Developers
